<?xml version="1.0" encoding="UTF-8" standalone="yes"?>
<addon id="script.module.flask"
       name="flask"
       version="0.0.12"
       provider-name="flask">
  <requires>
    <import addon="xbmc.python" version="2.14.0"/>
    <import addon="script.module.werkzeug" version="0.11.15"/>
    <import addon="script.module.itsdangerous" version="0.0.24"/>
    <import addon="script.module.markupsafe" version="0.0.23"/>
    <import addon="script.module.jinja2" version="2.9.5"/>
    <import addon="script.module.click" version="0.6.7"/>
  </requires>
  <extension point="xbmc.python.module" library="lib" />
  <extension point="xbmc.addon.metadata">
    <summary>Flask</summary>
    <description>A microframework based on Werkzeug, Jinja2 and good intentions</description>
    <platform>all</platform>
    <language></language>
    <license>BSD</license>
    <forum></forum>
    <website>http://github.com/pallets/flask/</website>
    <source>https://pypi.python.org/packages/4b/3a/4c20183df155dd2e39168e35d53a388efb384a512ca6c73001d8292c094a/Flask-0.12.tar.gz#md5=c1d30f51cff4a38f9454b23328a15c5a</source>
    <email></email>
  </extension>
</addon>
