<?xml version="1.0" encoding="UTF-8" standalone="yes"?>
<addon id="script.module.jinja2"
       name="jinja2"
       version="2.9.5"
       provider-name="jinja2">
  <requires>
    <import addon="xbmc.python" version="2.14.0"/>
  </requires>
  <extension point="xbmc.python.module" library="lib" />
  <extension point="xbmc.addon.metadata">
    <summary>jinja2</summary>
    <description>A small but fast and easy to use stand-alone template engine written in pure python</description>
    <platform>all</platform>
    <language></language>
    <license>BSD</license>
    <forum></forum>
    <website>http://jinja.pocoo.org/</website>
    <source>https://pypi.python.org/packages/71/59/d7423bd5e7ddaf3a1ce299ab4490e9044e8dfd195420fc83a24de9e60726/Jinja2-2.9.5.tar.gz#md5=9e55f0db6620dd99a1b366183a94270d</source>
    <email></email>
  </extension>
</addon>
