<?xml version="1.0" encoding="UTF-8" standalone="yes"?>
<addon id="script.module.werkzeug"
       name="werkzeug"
       version="0.11.15"
       provider-name="werkzeug">
  <requires>
    <import addon="xbmc.python" version="2.14.0"/>
  </requires>
  <extension point="xbmc.python.module" library="lib" />
  <extension point="xbmc.addon.metadata">
    <summary>werkzeug</summary>
    <description>The Swiss Army knife of Python web development</description>
    <platform>all</platform>
    <language></language>
    <license>BSD</license>
    <forum></forum>
    <website>http://werkzeug.pocoo.org/</website>
    <source>https://pypi.python.org/packages/fe/7f/6d70f765ce5484e07576313897793cb49333dd34e462488ee818d17244af/Werkzeug-0.11.15.tar.gz#md5=cb4010478dd33905f95920e4880204a2</source>
    <email></email>
  </extension>
</addon>
